{
 "ckpt": "checkpoints/multiturn_rule_k2_inter_s128_dsv4w_s43/final.pt",
 "arms": {
  "sw@2": {
   "turns": 16,
   "sw": 2,
   "key0": [
    1.0,
    0.546875,
    0.6875,
    0.78125,
    0.9921875,
    0.03125,
    0.046875,
    0.03125
   ],
   "key1": [
    1.0,
    0.046875,
    0.015625,
    0.015625,
    0.015625,
    0.015625,
    0.0234375,
    0.0078125
   ],
   "key0_old_rule": [
    1.0,
    0.125,
    0.0859375,
    0.0078125,
    0.0,
    0.0703125,
    0.03125,
    0.0390625
   ],
   "stick": 0.05133928571428571,
   "ident_s1_pre": 1.0,
   "ident_s1_end": 0.015625,
   "ident_s2_end": 0.015625
  },
  "sw@4": {
   "turns": 16,
   "sw": 4,
   "key0": [
    1.0,
    1.0,
    0.953125,
    0.9375,
    1.0,
    0.9453125,
    0.015625,
    0.0234375
   ],
   "key1": [
    1.0,
    1.0,
    0.0234375,
    0.0234375,
    0.0234375,
    0.0234375,
    0.0234375,
    0.046875
   ],
   "key0_old_rule": [
    1.0,
    1.0,
    0.03125,
    0.0,
    0.0,
    0.0,
    0.015625,
    0.015625
   ],
   "stick": 0.010416666666666666,
   "ident_s1_pre": 1.0,
   "ident_s1_end": 0.015625,
   "ident_s2_end": 0.0234375
  },
  "sw@6": {
   "turns": 16,
   "sw": 6,
   "key0": [
    1.0,
    1.0,
    0.9921875,
    0.9765625,
    0.96875,
    1.0,
    0.9921875,
    0.0234375
   ],
   "key1": [
    1.0,
    1.0,
    1.0,
    0.0,
    0.0,
    0.0,
    0.0,
    0.046875
   ],
   "key0_old_rule": [
    1.0,
    1.0,
    0.9921875,
    0.0,
    0.0,
    0.0,
    0.0,
    0.046875
   ],
   "stick": 0.009375,
   "ident_s1_pre": 1.0,
   "ident_s1_end": 0.03125,
   "ident_s2_end": 0.0
  },
  "sw@8": {
   "turns": 16,
   "sw": 8,
   "key0": [
    1.0,
    1.0,
    1.0,
    1.0,
    0.9921875,
    0.984375,
    0.9921875,
    0.9765625
   ],
   "key1": [
    1.0,
    1.0,
    1.0,
    1.0,
    0.0,
    0.0,
    0.0,
    0.0
   ],
   "key0_old_rule": [
    1.0,
    1.0,
    1.0,
    1.0,
    0.0,
    0.0,
    0.0,
    0.0
   ],
   "stick": 0.0,
   "ident_s1_pre": 0.046875,
   "ident_s1_end": 0.0390625,
   "ident_s2_end": 0.0
  },
  "sw@10": {
   "turns": 16,
   "sw": 10,
   "key0": [
    1.0,
    1.0,
    1.0,
    1.0,
    0.203125,
    0.96875,
    0.9765625,
    0.9765625
   ],
   "key1": [
    1.0,
    1.0,
    1.0,
    1.0,
    0.0859375,
    0.0,
    0.0,
    0.0
   ],
   "key0_old_rule": [
    1.0,
    1.0,
    1.0,
    1.0,
    0.203125,
    0.0,
    0.0,
    0.0
   ],
   "stick": 0.0,
   "ident_s1_pre": 0.0234375,
   "ident_s1_end": 0.0234375,
   "ident_s2_end": 1.0
  },
  "sw@12": {
   "turns": 16,
   "sw": 12,
   "key0": [
    1.0,
    1.0,
    1.0,
    1.0,
    0.109375,
    0.15625,
    0.984375,
    0.9921875
   ],
   "key1": [
    1.0,
    1.0,
    1.0,
    0.9921875,
    0.0546875,
    0.03125,
    0.0,
    0.0
   ],
   "key0_old_rule": [
    1.0,
    1.0,
    1.0,
    1.0,
    0.109375,
    0.15625,
    0.0,
    0.0
   ],
   "stick": 0.0,
   "ident_s1_pre": 0.03125,
   "ident_s1_end": 0.03125,
   "ident_s2_end": 1.0
  },
  "sw@14": {
   "turns": 16,
   "sw": 14,
   "key0": [
    1.0,
    1.0,
    1.0,
    1.0,
    0.125,
    0.125,
    0.171875,
    0.9921875
   ],
   "key1": [
    1.0,
    1.0,
    1.0,
    1.0,
    0.1171875,
    0.03125,
    0.0546875,
    0.0078125
   ],
   "key0_old_rule": [
    1.0,
    1.0,
    1.0,
    1.0,
    0.125,
    0.125,
    0.171875,
    0.0
   ],
   "stick": 0.0,
   "ident_s1_pre": 0.03125,
   "ident_s1_end": 0.03125,
   "ident_s2_end": 1.0
  }
 }
}