{
 "ckpt": "checkpoints/multiturn_rule_k2_inter_s128_dsv4m/final.pt",
 "arms": {
  "sw@2": {
   "turns": 16,
   "sw": 2,
   "key0": [
    1.0,
    0.0,
    0.0,
    0.0,
    0.0,
    0.0,
    0.0,
    0.015625
   ],
   "key1": [
    1.0,
    1.0,
    1.0,
    1.0,
    1.0,
    1.0,
    1.0,
    0.8046875
   ],
   "key0_old_rule": [
    1.0,
    1.0,
    1.0,
    1.0,
    1.0,
    1.0,
    1.0,
    0.0
   ],
   "stick": 0.8571428571428571,
   "ident_s1_pre": 1.0,
   "ident_s1_end": 0.0078125,
   "ident_s2_end": 0.0078125
  },
  "sw@4": {
   "turns": 16,
   "sw": 4,
   "key0": [
    0.9921875,
    1.0,
    0.0,
    0.0,
    0.0,
    0.0,
    0.0,
    0.0234375
   ],
   "key1": [
    1.0,
    1.0,
    1.0,
    0.9921875,
    1.0,
    1.0,
    1.0,
    0.7734375
   ],
   "key0_old_rule": [
    0.9921875,
    1.0,
    0.9921875,
    0.9921875,
    1.0,
    0.9921875,
    1.0,
    0.0
   ],
   "stick": 0.8294270833333334,
   "ident_s1_pre": 1.0,
   "ident_s1_end": 0.0078125,
   "ident_s2_end": 0.0078125
  },
  "sw@6": {
   "turns": 16,
   "sw": 6,
   "key0": [
    1.0,
    1.0,
    1.0,
    0.0,
    0.0,
    0.0,
    0.0,
    0.0
   ],
   "key1": [
    1.0,
    1.0,
    1.0,
    1.0,
    1.0,
    1.0,
    1.0,
    0.7265625
   ],
   "key0_old_rule": [
    1.0,
    1.0,
    1.0,
    1.0,
    1.0,
    1.0,
    1.0,
    0.0
   ],
   "stick": 0.8,
   "ident_s1_pre": 1.0,
   "ident_s1_end": 0.0,
   "ident_s2_end": 0.0
  },
  "sw@8": {
   "turns": 16,
   "sw": 8,
   "key0": [
    1.0,
    1.0,
    1.0,
    1.0,
    0.0,
    0.0,
    0.0,
    0.0
   ],
   "key1": [
    1.0,
    1.0,
    1.0,
    1.0,
    1.0,
    1.0,
    1.0,
    0.84375
   ],
   "key0_old_rule": [
    1.0,
    1.0,
    1.0,
    1.0,
    1.0,
    1.0,
    1.0,
    0.0
   ],
   "stick": 0.75,
   "ident_s1_pre": 1.0,
   "ident_s1_end": 0.0078125,
   "ident_s2_end": 0.0
  },
  "sw@10": {
   "turns": 16,
   "sw": 10,
   "key0": [
    1.0,
    1.0,
    1.0,
    1.0,
    1.0,
    0.0,
    0.0,
    0.0
   ],
   "key1": [
    0.984375,
    0.9921875,
    1.0,
    0.9921875,
    1.0,
    0.9921875,
    1.0,
    0.734375
   ],
   "key0_old_rule": [
    1.0,
    1.0,
    1.0,
    1.0,
    1.0,
    1.0,
    1.0,
    0.0
   ],
   "stick": 0.6666666666666666,
   "ident_s1_pre": 1.0,
   "ident_s1_end": 0.0078125,
   "ident_s2_end": 0.0078125
  },
  "sw@12": {
   "turns": 16,
   "sw": 12,
   "key0": [
    0.9921875,
    0.9921875,
    1.0,
    1.0,
    1.0,
    1.0,
    0.0,
    0.0
   ],
   "key1": [
    1.0,
    1.0,
    0.9921875,
    1.0,
    0.9921875,
    1.0,
    0.9921875,
    0.8125
   ],
   "key0_old_rule": [
    0.9921875,
    0.9921875,
    1.0,
    1.0,
    1.0,
    1.0,
    1.0,
    0.0
   ],
   "stick": 0.5,
   "ident_s1_pre": 0.9921875,
   "ident_s1_end": 0.0,
   "ident_s2_end": 0.015625
  },
  "sw@14": {
   "turns": 16,
   "sw": 14,
   "key0": [
    0.9921875,
    0.9921875,
    0.9921875,
    0.9921875,
    0.9921875,
    0.9921875,
    0.9921875,
    0.0078125
   ],
   "key1": [
    1.0,
    0.9921875,
    1.0,
    1.0,
    1.0,
    0.9921875,
    1.0,
    0.828125
   ],
   "key0_old_rule": [
    0.9921875,
    0.9921875,
    0.9921875,
    0.9921875,
    0.9921875,
    0.9921875,
    0.9921875,
    0.0
   ],
   "stick": 0.0,
   "ident_s1_pre": 0.9921875,
   "ident_s1_end": 0.0078125,
   "ident_s2_end": 0.015625
  }
 }
}