{
 "ckpt": "checkpoints/multiturn_rule_k2_inter_s128_dsv4w/step_3000.pt",
 "arms": {
  "sw@2": {
   "turns": 16,
   "sw": 2,
   "key0": [
    0.953125,
    0.71875,
    0.7265625,
    0.96875,
    0.984375,
    0.96875,
    0.9140625,
    0.9140625
   ],
   "key1": [
    0.9453125,
    0.9140625,
    0.9453125,
    0.8671875,
    0.7578125,
    0.8359375,
    0.8125,
    0.65625
   ],
   "key0_old_rule": [
    0.953125,
    0.0,
    0.0,
    0.0,
    0.0,
    0.0,
    0.0,
    0.0
   ],
   "stick": 0.0,
   "ident_s1_pre": 0.984375,
   "ident_s1_end": 0.0,
   "ident_s2_end": 0.1484375
  },
  "sw@4": {
   "turns": 16,
   "sw": 4,
   "key0": [
    0.984375,
    0.9921875,
    0.6640625,
    0.9296875,
    0.953125,
    0.9453125,
    0.9609375,
    0.90625
   ],
   "key1": [
    0.9609375,
    0.96875,
    0.96875,
    0.9140625,
    0.828125,
    0.8046875,
    0.7734375,
    0.6875
   ],
   "key0_old_rule": [
    0.984375,
    0.9921875,
    0.0,
    0.0,
    0.0,
    0.0,
    0.0,
    0.0
   ],
   "stick": 0.0,
   "ident_s1_pre": 0.9921875,
   "ident_s1_end": 0.03125,
   "ident_s2_end": 0.1640625
  },
  "sw@6": {
   "turns": 16,
   "sw": 6,
   "key0": [
    0.9609375,
    0.9453125,
    0.9453125,
    0.8359375,
    0.8828125,
    0.96875,
    0.9609375,
    0.90625
   ],
   "key1": [
    0.953125,
    0.9609375,
    0.9296875,
    0.8359375,
    0.84375,
    0.7265625,
    0.6171875,
    0.5703125
   ],
   "key0_old_rule": [
    0.9609375,
    0.9453125,
    0.9453125,
    0.0,
    0.0,
    0.0,
    0.0,
    0.0
   ],
   "stick": 0.0,
   "ident_s1_pre": 0.96875,
   "ident_s1_end": 0.0234375,
   "ident_s2_end": 0.125
  },
  "sw@8": {
   "turns": 16,
   "sw": 8,
   "key0": [
    0.96875,
    0.9765625,
    0.9609375,
    0.9609375,
    0.8984375,
    0.9140625,
    0.9375,
    0.9609375
   ],
   "key1": [
    0.9453125,
    0.96875,
    0.9609375,
    0.9609375,
    0.890625,
    0.78125,
    0.78125,
    0.7109375
   ],
   "key0_old_rule": [
    0.96875,
    0.9765625,
    0.9609375,
    0.9609375,
    0.0,
    0.0,
    0.0,
    0.0
   ],
   "stick": 0.0,
   "ident_s1_pre": 0.1015625,
   "ident_s1_end": 0.0390625,
   "ident_s2_end": 0.1015625
  },
  "sw@10": {
   "turns": 16,
   "sw": 10,
   "key0": [
    0.90625,
    0.8984375,
    0.90625,
    0.9453125,
    0.8984375,
    0.8828125,
    0.9296875,
    0.9765625
   ],
   "key1": [
    0.953125,
    0.96875,
    0.921875,
    0.9453125,
    0.8515625,
    0.78125,
    0.78125,
    0.65625
   ],
   "key0_old_rule": [
    0.90625,
    0.8984375,
    0.90625,
    0.9453125,
    0.8984375,
    0.0,
    0.0,
    0.0
   ],
   "stick": 0.0,
   "ident_s1_pre": 0.046875,
   "ident_s1_end": 0.0078125,
   "ident_s2_end": 0.9140625
  },
  "sw@12": {
   "turns": 16,
   "sw": 12,
   "key0": [
    0.9609375,
    0.9609375,
    0.9609375,
    0.953125,
    0.9296875,
    0.921875,
    0.8671875,
    0.890625
   ],
   "key1": [
    0.9453125,
    0.9296875,
    0.9375,
    0.9375,
    0.8359375,
    0.8203125,
    0.7578125,
    0.6328125
   ],
   "key0_old_rule": [
    0.9609375,
    0.9609375,
    0.9609375,
    0.953125,
    0.9296875,
    0.921875,
    0.0,
    0.0
   ],
   "stick": 0.0,
   "ident_s1_pre": 0.1328125,
   "ident_s1_end": 0.09375,
   "ident_s2_end": 0.9375
  },
  "sw@14": {
   "turns": 16,
   "sw": 14,
   "key0": [
    0.984375,
    0.953125,
    0.96875,
    0.953125,
    0.953125,
    0.921875,
    0.9140625,
    0.875
   ],
   "key1": [
    0.9375,
    0.9921875,
    0.9453125,
    0.9375,
    0.90625,
    0.859375,
    0.8125,
    0.671875
   ],
   "key0_old_rule": [
    0.984375,
    0.953125,
    0.96875,
    0.953125,
    0.953125,
    0.921875,
    0.9140625,
    0.0
   ],
   "stick": 0.0,
   "ident_s1_pre": 0.1328125,
   "ident_s1_end": 0.109375,
   "ident_s2_end": 0.90625
  }
 }
}